timestamp	commit	skill	old_score	new_score	status	dimension	note	eval_mode
2026-07-17T12:03Z	f32947a	craft-of-research	-	77.1	baseline	-	基线评估(结构58.7+效果18.4)	dry_run
2026-07-17T04:53Z	de9d38a	craft-of-research	77.1	81.3	keep	dim4	+🔴CHECKPOINT+🛑STOP+危险动作清单	dry_run
2026-07-17T04:57Z	b92e9dc	craft-of-research-skills-md	77.1	83.1	keep	dim3+dim4+dim9	紧凑版:🔴CHECKPOINT+失败恢复表+红线清单(51行150%)	dry_run
2026-07-17T05:03Z	5b0b532	craft-of-research-zh	70.4	75.2	keep	dim3+dim4	3x🔴CHECKPOINT+兜底策略if-then化(749行)	dry_run
2026-07-17T05:03Z	5b0b532	craft-of-research-en	70.4	75.2	keep	dim3+dim4	同步dim3/4改进(753行)	dry_run
2026-07-17T05:06Z	5bb67d5	craft-of-research-zh	75.2	77.0	keep	dim2+dim9	编号工作流(6步)+HARD-GATE扩展(7条禁止)	dry_run
2026-07-17T05:06Z	5bb67d5	craft-of-research-en	75.2	77.0	keep	dim2+dim9	同步workflow+HARD-GATE扩展	dry_run
2026-07-17T05:10Z	5bb67d5	craft-of-research-zh	77.0	79.3	keep	dim8	有效性实测:4个test prompts平均9/10(旧8/10)	real_test
2026-07-17T05:10Z	5bb67d5	craft-of-research-en	77.0	79.3	keep	dim8	有效性实测:同步dim8提升	real_test
